brand,ai_visibility_score,queries_mentioned,queries_total,source_url
FreshBooks,100%,12,12,https://geobuddy.co/check/freshbooks
Zoom,100%,12,12,https://geobuddy.co/check/zoom
Shopify,100%,12,12,https://geobuddy.co/check/shopify
Poshmark,100%,12,12,https://geobuddy.co/check/poshmark
Instacart,100%,12,12,https://geobuddy.co/check/instacart
Microsoft Teams,100%,12,12,https://geobuddy.co/check/microsoft-teams
Acorns,100%,12,12,https://geobuddy.co/check/acorns
Notion,92%,11,12,https://geobuddy.co/check/notion
Nike,92%,11,12,https://geobuddy.co/check/nike
Airbnb,92%,11,12,https://geobuddy.co/check/airbnb
Google Drive,92%,11,12,https://geobuddy.co/check/google-drive
Typeform,92%,11,12,https://geobuddy.co/check/typeform
Jotform,92%,11,12,https://geobuddy.co/check/jotform
Unbounce,92%,11,12,https://geobuddy.co/check/unbounce
Veja,92%,11,12,https://geobuddy.co/check/veja
Gorgias,92%,11,12,https://geobuddy.co/check/gorgias
Zendesk,92%,11,12,https://geobuddy.co/check/zendesk
Toggl Track,92%,11,12,https://geobuddy.co/check/toggl-track
Facebook Marketplace,92%,11,12,https://geobuddy.co/check/facebook-marketplace
Bubble,92%,11,12,https://geobuddy.co/check/bubble
WooCommerce,92%,11,12,https://geobuddy.co/check/woocommerce
Wave,92%,11,12,https://geobuddy.co/check/wave
Samsung,92%,11,12,https://geobuddy.co/check/samsung
HubSpot CRM,92%,11,12,https://geobuddy.co/check/hubspot-crm
Zoho CRM,92%,11,12,https://geobuddy.co/check/zoho-crm
Evernote,92%,11,12,https://geobuddy.co/check/evernote
Pipedrive,92%,11,12,https://geobuddy.co/check/pipedrive
Asana,92%,11,12,https://geobuddy.co/check/asana
Buildium,89%,8,9,https://geobuddy.co/check/buildium
Matterport,89%,8,9,https://geobuddy.co/check/matterport
Thinkific,83%,10,12,https://geobuddy.co/check/thinkific
Mailchimp,83%,10,12,https://geobuddy.co/check/mailchimp
Freshdesk,83%,10,12,https://geobuddy.co/check/freshdesk
UiPath,83%,10,12,https://geobuddy.co/check/uipath
Todoist,83%,10,12,https://geobuddy.co/check/todoist
Clockify,83%,10,12,https://geobuddy.co/check/clockify
Square,83%,10,12,https://geobuddy.co/check/square
Zapier,83%,10,12,https://geobuddy.co/check/zapier
Depop,83%,10,12,https://geobuddy.co/check/depop
BigCommerce,83%,10,12,https://geobuddy.co/check/bigcommerce
Interactive Brokers,83%,10,12,https://geobuddy.co/check/interactive-brokers
Vrbo,83%,10,12,https://geobuddy.co/check/vrbo
Udemy,83%,10,12,https://geobuddy.co/check/udemy
ActiveCampaign,83%,10,12,https://geobuddy.co/check/activecampaign
AppFolio,78%,7,9,https://geobuddy.co/check/appfolio
Teachable,75%,9,12,https://geobuddy.co/check/teachable
Tresorit,75%,9,12,https://geobuddy.co/check/tresorit
OutSystems,75%,9,12,https://geobuddy.co/check/outsystems
Intercom,75%,9,12,https://geobuddy.co/check/intercom
Slack,75%,9,12,https://geobuddy.co/check/slack
Dropbox,75%,9,12,https://geobuddy.co/check/dropbox
Canva,75%,9,12,https://geobuddy.co/check/canva
Expedia,75%,9,12,https://geobuddy.co/check/expedia
Wealthfront,75%,9,12,https://geobuddy.co/check/wealthfront
HelloTalk,75%,9,12,https://geobuddy.co/check/hellotalk
Kraken,75%,9,12,https://geobuddy.co/check/kraken
Duolingo,75%,9,12,https://geobuddy.co/check/duolingo
Obsidian,75%,9,12,https://geobuddy.co/check/obsidian
ClickUp,75%,9,12,https://geobuddy.co/check/clickup
Vacasa,67%,8,12,https://geobuddy.co/check/vacasa
TalentLMS,67%,8,12,https://geobuddy.co/check/talentlms
Kajabi,67%,8,12,https://geobuddy.co/check/kajabi
Docebo,67%,8,12,https://geobuddy.co/check/docebo
Moodle,67%,8,12,https://geobuddy.co/check/moodle
Follow Up Boss,67%,6,9,https://geobuddy.co/check/follow-up-boss
Mattermost,67%,8,12,https://geobuddy.co/check/mattermost
Qualtrics,67%,8,12,https://geobuddy.co/check/qualtrics
Workato,67%,8,12,https://geobuddy.co/check/workato
Reformation,67%,8,12,https://geobuddy.co/check/reformation
Girlfriend Collective,67%,8,12,https://geobuddy.co/check/girlfriend-collective
Miro,67%,8,12,https://geobuddy.co/check/miro
Webflow,67%,8,12,https://geobuddy.co/check/webflow
Squarespace,67%,8,12,https://geobuddy.co/check/squarespace
Charles Schwab,67%,8,12,https://geobuddy.co/check/charles-schwab
Robinhood,67%,8,12,https://geobuddy.co/check/robinhood
Booking.com,67%,8,12,https://geobuddy.co/check/booking-com
Betterment,67%,8,12,https://geobuddy.co/check/betterment
FullStory,67%,8,12,https://geobuddy.co/check/fullstory
Disruptive Advertising,58%,7,12,https://geobuddy.co/check/disruptive-advertising
SheaMoisture,58%,7,12,https://geobuddy.co/check/sheamoisture
LinkedIn Learning,58%,7,12,https://geobuddy.co/check/linkedin-learning
Allbirds,58%,7,12,https://geobuddy.co/check/allbirds
n8n,58%,7,12,https://geobuddy.co/check/n8n
Discord,58%,7,12,https://geobuddy.co/check/discord
Lattice,58%,7,12,https://geobuddy.co/check/lattice
Etsy,58%,7,12,https://geobuddy.co/check/etsy
Adalo,58%,7,12,https://geobuddy.co/check/adalo
Fidelity Go,58%,7,12,https://geobuddy.co/check/fidelity-go
Tandem,58%,7,12,https://geobuddy.co/check/tandem
Rosetta Stone,58%,7,12,https://geobuddy.co/check/rosetta-stone
Heap,58%,7,12,https://geobuddy.co/check/heap
Ubersuggest,58%,7,12,https://geobuddy.co/check/ubersuggest
Canvas,58%,7,12,https://geobuddy.co/check/canvas
Blackboard,58%,7,12,https://geobuddy.co/check/blackboard
Trello,58%,7,12,https://geobuddy.co/check/trello
Freshsales,58%,7,12,https://geobuddy.co/check/freshsales
TurboTenant,56%,5,9,https://geobuddy.co/check/turbotenant
Help Scout,50%,6,12,https://geobuddy.co/check/help-scout
Formstack,50%,6,12,https://geobuddy.co/check/formstack
Everlane,50%,6,12,https://geobuddy.co/check/everlane
Tidio,50%,6,12,https://geobuddy.co/check/tidio
RescueTime,50%,6,12,https://geobuddy.co/check/rescuetime
Chime,50%,6,12,https://geobuddy.co/check/chime
Mercari,50%,6,12,https://geobuddy.co/check/mercari
Webull,50%,6,12,https://geobuddy.co/check/webull
Schwab Intelligent Portfolios,50%,6,12,https://geobuddy.co/check/schwab-intelligent-portfolios
Busuu,50%,6,12,https://geobuddy.co/check/busuu
Hotjar,50%,6,12,https://geobuddy.co/check/hotjar
Copy.ai,50%,6,12,https://geobuddy.co/check/copy-ai
Writesonic,50%,6,12,https://geobuddy.co/check/writesonic
Moz Pro,50%,6,12,https://geobuddy.co/check/moz-pro
Peet's Coffee,50%,6,12,https://geobuddy.co/check/peet-s-coffee
Wrike,50%,6,12,https://geobuddy.co/check/wrike
Monday.com,50%,6,12,https://geobuddy.co/check/monday-com
Smartsheet,50%,6,12,https://geobuddy.co/check/smartsheet
Directive Consulting,42%,5,12,https://geobuddy.co/check/directive-consulting
WebFX,42%,5,12,https://geobuddy.co/check/webfx
Adyen,42%,5,12,https://geobuddy.co/check/adyen
Shipt,42%,5,12,https://geobuddy.co/check/shipt
E*TRADE,42%,5,12,https://geobuddy.co/check/e-trade
TD Ameritrade,42%,5,12,https://geobuddy.co/check/td-ameritrade
ConvertKit,42%,5,12,https://geobuddy.co/check/convertkit
Clearscope,42%,5,12,https://geobuddy.co/check/clearscope
Jasper,42%,5,12,https://geobuddy.co/check/jasper
HeyGen,42%,5,12,https://geobuddy.co/check/heygen
Surfer SEO,42%,5,12,https://geobuddy.co/check/surfer-seo
Harvest,36%,4,11,https://geobuddy.co/check/harvest
Basecamp,33%,4,12,https://geobuddy.co/check/basecamp
Thrive Internet Marketing Agency,33%,4,12,https://geobuddy.co/check/thrive-internet-marketing-agency
LearnWorlds,33%,4,12,https://geobuddy.co/check/learnworlds
Rentec Direct,33%,3,9,https://geobuddy.co/check/rentec-direct
TenantCloud,33%,3,9,https://geobuddy.co/check/tenantcloud
Kayako,33%,4,12,https://geobuddy.co/check/kayako
Herbivore Botanicals,33%,4,12,https://geobuddy.co/check/herbivore-botanicals
TickTick,33%,4,12,https://geobuddy.co/check/ticktick
TimeCamp,33%,4,12,https://geobuddy.co/check/timecamp
Make,33%,4,12,https://geobuddy.co/check/make
Descript,33%,4,12,https://geobuddy.co/check/descript
Synthesia,33%,4,12,https://geobuddy.co/check/synthesia
Klaviyo,33%,4,12,https://geobuddy.co/check/klaviyo
Sonder,33%,4,12,https://geobuddy.co/check/sonder
Memrise,33%,4,12,https://geobuddy.co/check/memrise
Blue Bottle Coffee,33%,4,12,https://geobuddy.co/check/blue-bottle-coffee
Ignite Visibility,25%,3,12,https://geobuddy.co/check/ignite-visibility
NP Digital,25%,3,12,https://geobuddy.co/check/np-digital
Nextiva,25%,3,12,https://geobuddy.co/check/nextiva
Rothy's,25%,3,12,https://geobuddy.co/check/rothy-s
Podia,25%,3,12,https://geobuddy.co/check/podia
Hubstaff,25%,3,12,https://geobuddy.co/check/hubstaff
Everhour,25%,3,12,https://geobuddy.co/check/everhour
M1 Finance,25%,3,12,https://geobuddy.co/check/m1-finance
Pendo,25%,3,12,https://geobuddy.co/check/pendo
Insightly,25%,3,12,https://geobuddy.co/check/insightly
SE Ranking,25%,3,12,https://geobuddy.co/check/se-ranking
LYFE Marketing,17%,2,12,https://geobuddy.co/check/lyfe-marketing
Tinuiti,17%,2,12,https://geobuddy.co/check/tinuiti
SmartSites,17%,2,12,https://geobuddy.co/check/smartsites
Landlord Studio,17%,2,12,https://geobuddy.co/check/landlord-studio
The Ordinary,17%,2,12,https://geobuddy.co/check/the-ordinary
Linear,17%,2,12,https://geobuddy.co/check/linear
Organic Basics,8%,1,12,https://geobuddy.co/check/organic-basics
Framer,8%,1,12,https://geobuddy.co/check/framer
Weebly,8%,1,12,https://geobuddy.co/check/weebly
Airtable,8%,1,12,https://geobuddy.co/check/airtable
